Date,1_WTI_Spot,2_Brent_Spot,2_WTI_Contr1,2_WTI_Contr2,2_WTI_Contr3,2_WTI_Contr4,3_Total_CrOil_Prod,4_OECD_Consumpt,5_OECD_Stock,5_US_Stock,5_US_CrOilImp,6_InflationHI,6_InflationLI,6_GDP_GrowthHI,6_GDP_GrowthLI,6_Popul_HI,6_Popul_LI,6_USD_GBP,6_USD_JPY
Jan-86,22.93,NaN,22.98,22.37,21.94,21.66,55.65,38.91,NaN,1.535313,0.172754,0.235416667,0.777121825,0.257411867,0.329481732,0.973400217,3.953806792,0.701672,200.29578
Feb-86,15.46,NaN,15.46,15.71,15.83,15.94,55.66,40.92,NaN,1.513826,0.130941,0.235416667,0.777121825,0.257411867,0.329481732,0.97396374,3.96053429,0.699735,184.553017
Mar-86,12.61,NaN,12.62,12.95,13.12,13.28,55.16,38.58,3.322,1.488558,0.146074,0.235416667,0.777121825,0.257411867,0.329481732,0.974527263,3.967261789,0.681114,178.598838
Apr-86,12.84,NaN,12.75,12.62,12.57,12.62,55.27,38.59,NaN,1.479493,0.163183,0.235416667,0.777121825,0.257411867,0.329481732,0.975090786,3.973989287,0.668324,175.049839
May-86,15.38,NaN,15.26,14.76,14.44,14.29,56.45,36.88,NaN,1.505822,0.198397,0.235416667,0.777121825,0.257411867,0.329481732,0.975654309,3.980716785,0.657182,166.84966
Jun-86,13.43,NaN,13.38,13.04,13.01,13.04,57.22,37.48,3.421,1.542893,0.205436,0.235416667,0.777121825,0.257411867,0.329481732,0.976217832,3.987444284,0.663362,167.620251
Jul-86,11.59,NaN,11.58,11.3,11.35,11.49,58.36,37.96,NaN,1.572732,0.215191,0.235416667,0.777121825,0.257411867,0.329481732,0.976781355,3.994171782,0.662586,158.624531
Aug-86,15.1,NaN,15.11,14.99,14.96,14.94,59.01,38.01,NaN,1.582297,0.22221,0.235416667,0.777121825,0.257411867,0.329481732,0.977344879,4.00089928,0.672773,154.096102
Sep-86,14.87,NaN,14.94,15.05,15.02,14.91,54.98,38.02,3.63,1.617975,0.21269,0.235416667,0.777121825,0.257411867,0.329481732,0.977908402,4.007626779,0.67915,154.664649
Oct-86,14.9,NaN,14.89,15.11,15.18,15.18,55.33,38.84,NaN,1.610448,0.199241,0.235416667,0.777121825,0.257411867,0.329481732,0.978471925,4.014354277,0.700535,156.327132
Nov-86,15.22,NaN,15.23,15.38,15.41,15.38,56.26,38.5,NaN,1.61202,0.197753,0.235416667,0.777121825,0.257411867,0.329481732,0.979035448,4.021081775,0.702278,162.869942
Dec-86,16.11,NaN,16.09,16.25,16.28,16.26,56.43,41.76,3.552,1.592512,0.207712,0.235416667,0.777121825,0.257411867,0.329481732,0.979598971,4.027809274,0.696185,162.269232
Jan-87,18.65,NaN,18.67,18.55,18.35,18.12,55.63,40.21,3.552,1.586013,0.196948,0.30766339,0.719806099,0.286829335,0.363048595,0.980091126,4.035176743,0.664599,154.860579
Feb-87,17.75,NaN,17.73,17.64,17.55,17.45,54.94,41.08,NaN,1.56337,0.167565,0.30766339,0.719806099,0.286829335,0.363048595,0.980652534,4.042097123,0.655231,153.495171
Mar-87,18.3,NaN,18.28,18.05,17.86,17.7,54.2,39.74,3.44,1.55669,0.179612,0.30766339,0.719806099,0.286829335,0.363048595,0.981213943,4.049017503,0.628114,151.415226
Apr-87,18.68,NaN,18.6,18.24,17.99,17.86,54.87,38.36,NaN,1.539247,0.177335,0.30766339,0.719806099,0.286829335,0.363048595,0.981775351,4.055937882,0.613478,142.917926
May-87,19.44,18.58,19.33,18.98,18.8,18.69,55.67,36.43,NaN,1.541746,0.188251,0.30766339,0.719806099,0.286829335,0.363048595,0.98233676,4.062858262,0.599945,140.507903
Jun-87,20.07,18.86,19.99,19.64,19.49,19.41,55.38,38.88,3.462,1.54796,0.203061,0.30766339,0.719806099,0.286829335,0.363048595,0.982898168,4.069778642,0.613244,144.467267
Jul-87,21.34,19.86,21.33,20.92,20.71,20.6,57.94,39.54,NaN,1.558476,0.235219,0.30766339,0.719806099,0.286829335,0.363048595,0.983459576,4.076699022,0.621263,150.248765
Aug-87,20.31,18.98,20.23,20,19.89,19.83,58.74,38.05,NaN,1.592005,0.231066,0.30766339,0.719806099,0.286829335,0.363048595,0.984020985,4.083619401,0.626423,147.645525
Sep-87,19.53,18.31,19.52,19.32,19.22,19.17,58.13,39.4,3.628,1.605705,0.215339,0.30766339,0.719806099,0.286829335,0.363048595,0.984582393,4.090539781,0.608188,143.229484
Oct-87,19.86,18.76,19.86,19.77,19.68,19.6,58.33,39.45,NaN,1.609977,0.219093,0.30766339,0.719806099,0.286829335,0.363048595,0.985143801,4.097460161,0.602103,143.343953
Nov-87,18.85,17.78,18.85,18.74,18.67,18.62,57.86,39.74,NaN,1.634948,0.212031,0.30766339,0.719806099,0.286829335,0.363048595,0.98570521,4.104380541,0.563513,135.324063
Dec-87,17.28,17.05,17.26,17.05,16.93,16.88,57.94,42.56,3.651,1.607451,0.211838,0.30766339,0.719806099,0.286829335,0.363048595,0.986266618,4.11130092,0.546986,128.23464
Jan-88,17.13,16.75,17.15,17.03,16.91,16.81,57.14,39.68,3.646,1.596994,0.222611,0.373025119,0.8045333,0.402181305,0.309201839,0.986918025,4.117287193,0.553785,127.218386
Feb-88,16.8,15.73,16.76,16.69,16.62,16.53,57.22,42.48,3.58,1.575694,0.210419,0.373025119,0.8045333,0.402181305,0.309201839,0.987490896,4.124268967,0.569309,129.239742
Mar-88,16.2,14.73,16.21,16.12,16.06,16.02,57.58,42.39,3.505,1.559267,0.215274,0.373025119,0.8045333,0.402181305,0.309201839,0.988063767,4.131250741,0.54651,127.174456
Apr-88,17.86,16.6,17.88,17.82,17.73,17.65,57.89,38.62,3.529,1.578298,0.218111,0.373025119,0.8045333,0.402181305,0.309201839,0.988636638,4.138232515,0.53311,124.998402
May-88,17.42,16.31,17.45,17.61,17.68,17.7,57.61,37.55,3.614,1.61378,0.231533,0.373025119,0.8045333,0.402181305,0.309201839,0.989209509,4.145214289,0.534811,124.725675
Jun-88,16.53,15.54,16.56,16.72,16.81,16.88,57.27,40.02,3.617,1.611809,0.217167,0.373025119,0.8045333,0.402181305,0.309201839,0.98978238,4.152196063,0.561011,127.196178
Jul-88,15.5,14.91,15.51,15.68,15.79,15.9,57.7,39.16,3.698,1.629119,0.226204,0.373025119,0.8045333,0.402181305,0.309201839,0.990355251,4.159177837,0.586459,133.087382
Aug-88,15.52,14.89,15.53,15.65,15.75,15.85,58.85,40.15,3.699,1.623519,0.228957,0.373025119,0.8045333,0.402181305,0.309201839,0.990928122,4.166159611,0.589065,133.707458
Sep-88,14.54,13.18,14.46,14.26,14.21,14.21,59.21,40.22,3.689,1.628393,0.225169,0.373025119,0.8045333,0.402181305,0.309201839,0.991500993,4.173141385,0.593949,134.43109
Oct-88,13.77,12.41,13.8,13.58,13.51,13.52,60.89,40.62,3.7,1.630425,0.242728,0.373025119,0.8045333,0.402181305,0.309201839,0.992073864,4.180123159,0.576243,129.031436
Nov-88,14.14,13.02,13.98,13.83,13.78,13.8,61.35,43.43,3.665,1.631275,0.231425,0.373025119,0.8045333,0.402181305,0.309201839,0.992646735,4.187104933,0.553147,123.174428
Dec-88,16.38,15.31,16.28,15.81,15.58,15.46,61.6,44.91,3.596,1.597232,0.239541,0.373025119,0.8045333,0.402181305,0.309201839,0.993219606,4.194086707,0.547989,123.615549
Jan-89,18.02,17.17,17.98,17.39,17.02,16.79,58.71,41.12,3.655,1.620242,0.255904,0.423540734,0.820867438,0.331531291,0.23778132,0.99420346,4.198919913,0.56272,127.032378
Feb-89,17.94,16.89,17.82,17.27,16.94,16.69,58.23,43.36,3.604,1.60101,0.224882,0.423540734,0.820867438,0.331531291,0.23778132,0.994815061,4.205857516,0.570221,127.701089
Mar-89,19.48,18.7,19.44,18.9,18.49,18.15,58.63,42.97,3.546,1.568438,0.23114,0.423540734,0.820867438,0.331531291,0.23778132,0.995426663,4.212795119,0.582748,130.302498
Apr-89,21.07,20.32,20.94,19.75,19.04,18.52,59.06,39.53,3.583,1.595647,0.242335,0.423540734,0.820867438,0.331531291,0.23778132,0.996038264,4.219732722,0.588206,132.069783
May-89,20.12,18.63,20.03,18.84,18.28,17.94,58.98,39.11,3.637,1.622604,0.241114,0.423540734,0.820867438,0.331531291,0.23778132,0.996649865,4.226670325,0.613294,137.835909
Jun-89,20.05,17.67,19.99,19.02,18.46,18.11,59.02,40.74,3.612,1.607664,0.239318,0.423540734,0.820867438,0.331531291,0.23778132,0.997261467,4.233607929,0.644143,144.009306
Jul-89,19.78,17.62,19.66,19.13,18.77,18.53,59.54,39.05,3.69,1.648901,0.259439,0.423540734,0.820867438,0.331531291,0.23778132,0.997873068,4.240545532,0.616559,140.533841
Aug-89,18.58,16.77,18.55,18.27,18.14,18.05,60.43,41.01,3.731,1.654432,0.26536,0.423540734,0.820867438,0.331531291,0.23778132,0.998484669,4.247483135,0.62655,141.249727
Sep-89,19.59,17.77,19.59,19.37,19.19,19.02,60.51,40.52,3.734,1.667408,0.24007,0.423540734,0.820867438,0.331531291,0.23778132,0.999096271,4.254420738,0.636917,145.174348
Oct-89,20.1,18.91,20.1,19.91,19.69,19.52,61.08,41.74,3.717,1.657962,0.257344,0.423540734,0.820867438,0.331531291,0.23778132,0.999707872,4.261358341,0.630046,142.120616
Nov-89,19.86,18.73,19.83,19.64,19.48,19.33,61.84,43.14,3.734,1.663157,0.250231,0.423540734,0.820867438,0.331531291,0.23778132,1.000319473,4.268295944,0.635821,143.580133
Dec-89,21.1,19.84,21.09,20.72,20.42,20.16,61.49,45.32,3.643,1.581419,0.234962,0.423540734,0.820867438,0.331531291,0.23778132,1.000931075,4.275233547,0.626309,143.611349
Jan-90,22.86,21.25,22.64,21.78,21.27,20.86,60.92,42.19,3.681,1.629687,0.285117,0.449029004,0.982040319,0.264894919,0.178481392,1.001966223,4.281091644,0.606472,144.94094
Feb-90,22.11,19.81,22.11,21.84,21.65,21.4,61.18,43.07,3.698,1.634646,0.235178,0.449029004,0.982040319,0.264894919,0.178481392,1.002618171,4.288073295,0.589611,145.580979
Mar-90,20.39,18.39,20.41,20.63,20.74,20.72,62.08,42.13,3.722,1.641913,0.246903,0.449029004,0.982040319,0.264894919,0.178481392,1.003270119,4.295054946,0.615623,153.198067
Apr-90,18.43,16.61,18.58,19.2,19.59,19.85,61.81,40.2,3.754,1.640188,0.23573,0.449029004,0.982040319,0.264894919,0.178481392,1.003922067,4.302036596,0.610749,158.390939
May-90,18.2,16.35,18.46,19.07,19.45,19.75,61.24,40.33,3.836,1.671526,0.273853,0.449029004,0.982040319,0.264894919,0.178481392,1.004574015,4.309018247,0.596018,153.810891
Jun-90,16.7,15.1,16.86,17.6,18.11,18.52,60.41,40.98,3.834,1.685033,0.262406,0.449029004,0.982040319,0.264894919,0.178481392,1.005225963,4.315999898,0.585248,153.785213
Jul-90,18.45,17.17,18.64,19.39,19.82,20.1,60.51,41.82,3.832,1.709064,0.280496,0.449029004,0.982040319,0.264894919,0.178481392,1.00587791,4.322981549,0.553434,149.155896
Aug-90,27.31,27.17,27.18,26.71,26.31,25.92,56.97,43.11,3.822,1.698525,0.267959,0.449029004,0.982040319,0.264894919,0.178481392,1.006529858,4.3299632,0.526626,147.519992
Sep-90,33.51,34.9,33.69,32.6,31.56,30.56,59.51,40.33,3.821,1.69823,0.22084,0.449029004,0.982040319,0.264894919,0.178481392,1.007181806,4.33694485,0.531906,138.717491
Oct-90,36.04,36.02,35.92,35,33.58,32.32,59.85,41.11,3.815,1.674446,0.208219,0.449029004,0.982040319,0.264894919,0.178481392,1.007833754,4.343926501,0.514115,129.797831
Nov-90,32.33,33.07,32.3,31.54,30.35,29.19,60.67,41.73,3.771,1.653864,0.210083,0.449029004,0.982040319,0.264894919,0.178481392,1.008485702,4.350908152,0.509144,128.992193
Dec-90,27.28,28.27,27.16,26.47,25.59,24.75,60.88,42.28,3.749,1.620633,0.199611,0.449029004,0.982040319,0.264894919,0.178481392,1.00913765,4.357889803,0.520317,133.855728
Jan-91,25.23,23.57,24.7,23.75,22.77,22.09,60.64,44.26,3.686,1.586583,0.220205,0.412349396,1.15585384,0.118112965,0.100166861,1.009883314,4.360006679,0.517204,133.716559
Feb-91,20.48,19.54,20.54,19.47,18.81,18.41,60.33,42.95,3.662,1.573344,0.19223,0.412349396,1.15585384,0.118112965,0.100166861,1.010548285,4.366704155,0.508879,130.373455
Mar-91,19.9,19.08,19.88,19.49,19.17,18.95,60.58,40.89,3.699,1.557613,0.206031,0.412349396,1.15585384,0.118112965,0.100166861,1.011213255,4.37340163,0.548811,137.310958
Apr-91,20.83,19.18,20.82,20.56,20.3,20.13,59.18,40.83,3.678,1.577938,0.222527,0.412349396,1.15585384,0.118112965,0.100166861,1.011878226,4.380099106,0.57215,137.242536
May-91,21.23,19.19,21.25,21.2,21.19,21.18,59.01,40.61,3.709,1.626106,0.264066,0.412349396,1.15585384,0.118112965,0.100166861,1.012543197,4.386796581,0.579451,138.067781
Jun-91,20.19,18.17,20.2,20.24,20.34,20.45,59.2,41.06,3.724,1.633524,0.247339,0.412349396,1.15585384,0.118112965,0.100166861,1.013208167,4.393494057,0.607197,139.865458
Jul-91,21.4,19.4,21.43,21.34,21.22,21.12,60.19,41.22,3.762,1.634964,0.240418,0.412349396,1.15585384,0.118112965,0.100166861,1.013873138,4.400191532,0.607007,137.903912
Aug-91,21.69,19.77,21.68,21.62,21.53,21.42,59.5,41.43,3.804,1.647965,0.268759,0.412349396,1.15585384,0.118112965,0.100166861,1.014538109,4.406889008,0.594325,136.825919
Sep-91,21.89,20.5,21.86,21.77,21.66,21.51,60.53,41.06,3.846,1.662876,0.234793,0.412349396,1.15585384,0.118112965,0.100166861,1.01520308,4.413586483,0.580104,134.550988
Oct-91,23.23,22.21,23.23,23.06,22.83,22.57,60.49,43.03,3.812,1.644041,0.231491,0.412349396,1.15585384,0.118112965,0.100166861,1.01586805,4.420283959,0.580759,130.710026
Nov-91,22.46,21.11,22.43,22.28,22.05,21.83,60.74,43.04,3.803,1.647185,0.228454,0.412349396,1.15585384,0.118112965,0.100166861,1.016533021,4.426981435,0.56263,129.630486
Dec-91,19.5,18.41,19.53,19.52,19.5,19.49,61.14,44.45,3.752,1.616954,0.22745,0.412349396,1.15585384,0.118112965,0.100166861,1.017197992,4.43367891,0.547089,128.066785
Jan-92,18.79,18.16,18.82,18.92,18.99,19.01,61.26,44.21,3.73,1.610229,0.239074,0.296672026,0.895930031,0.17313861,0.064353792,1.016171233,4.437302203,0.551171,125.151675
Feb-92,19.01,18.05,19.01,19.16,19.26,19.3,60.42,44.22,3.717,1.587613,0.197981,0.296672026,0.895930031,0.17313861,0.064353792,1.016698489,4.44385769,0.562799,127.565603
Mar-92,18.92,17.63,18.95,19.1,19.19,19.23,59.77,43.32,3.671,1.570825,0.219109,0.296672026,0.895930031,0.17313861,0.064353792,1.017225745,4.450413177,0.579865,132.875089
Apr-92,20.23,18.92,20.26,20.32,20.31,20.27,60.13,42.5,3.687,1.583053,0.242764,0.296672026,0.895930031,0.17313861,0.064353792,1.017753,4.456968664,0.569329,133.434685
May-92,20.98,19.89,21,21.08,21.1,21.05,59.01,40.19,3.741,1.602438,0.242528,0.296672026,0.895930031,0.17313861,0.064353792,1.018280256,4.463524151,0.552854,130.823213
Jun-92,22.39,21.16,22.36,22.34,22.24,22.15,59.25,41.88,3.751,1.603134,0.238385,0.296672026,0.895930031,0.17313861,0.064353792,1.018807512,4.470079637,0.539791,126.915488
Jul-92,21.78,20.24,21.74,21.64,21.57,21.51,59.71,42.75,3.756,1.619684,0.262858,0.296672026,0.895930031,0.17313861,0.064353792,1.019334768,4.476635124,0.521093,125.688681
Aug-92,21.34,19.74,21.29,21.19,21.12,21.05,59.7,41.42,3.807,1.620828,0.256049,0.296672026,0.895930031,0.17313861,0.064353792,1.019862024,4.483190611,0.515545,126.300924
Sep-92,21.88,20.27,21.92,21.77,21.67,21.55,59.96,43.08,3.815,1.635608,0.245325,0.296672026,0.895930031,0.17313861,0.064353792,1.02038928,4.489746098,0.540756,122.667609
Oct-92,21.69,20.26,21.71,21.66,21.58,21.47,60.76,43.2,3.819,1.640336,0.26366,0.296672026,0.895930031,0.17313861,0.064353792,1.020916535,4.496301585,0.604604,121.168197
Nov-92,20.34,19.21,20.36,20.4,20.41,20.39,60.47,43.86,3.8,1.635832,0.236161,0.296672026,0.895930031,0.17313861,0.064353792,1.021443791,4.502857072,0.654939,123.880529
Dec-92,19.41,18.14,19.41,19.52,19.57,19.64,60.79,45.73,3.758,1.591974,0.243003,0.296672026,0.895930031,0.17313861,0.064353792,1.021971047,4.509412559,0.644787,123.992987
Jan-93,19.03,17.39,19.07,19.19,19.32,19.42,60.62,41.84,3.83,1.618467,0.248124,0.32119166,0.890005867,0.111745488,0.230309034,1.024162143,4.513614318,0.652758,125.052771
Feb-93,20.09,18.47,20.08,20.11,20.14,20.18,60.98,45.13,3.773,1.602299,0.222545,0.32119166,0.890005867,0.111745488,0.230309034,1.024833289,4.520083028,0.695575,120.907447
Mar-93,20.32,18.79,20.35,20.46,20.51,20.54,60.26,45.39,3.741,1.590206,0.256833,0.32119166,0.890005867,0.111745488,0.230309034,1.025504434,4.526551738,0.68457,116.978721
Apr-93,20.25,18.67,20.33,20.53,20.64,20.7,59.56,42.52,3.76,1.616565,0.263054,0.32119166,0.890005867,0.111745488,0.230309034,1.02617558,4.533020448,0.64757,112.30052
May-93,19.95,18.51,19.98,20.21,20.34,20.41,59.75,40.09,3.823,1.649507,0.268539,0.32119166,0.890005867,0.111745488,0.230309034,1.026846726,4.539489158,0.64576,110.314339
Jun-93,19.09,17.65,19.13,19.41,19.61,19.73,59.46,42.66,3.846,1.666731,0.264149,0.32119166,0.890005867,0.111745488,0.230309034,1.027517872,4.545957868,0.661776,107.304622
Jul-93,17.89,16.78,17.9,18.17,18.39,18.57,60.07,42.6,3.878,1.682328,0.285782,0.32119166,0.890005867,0.111745488,0.230309034,1.028189017,4.552426578,0.667941,107.593089
Aug-93,18.01,16.7,18.01,18.34,18.57,18.73,59.89,41.94,3.932,1.675961,0.261313,0.32119166,0.890005867,0.111745488,0.230309034,1.028860163,4.558895288,0.670324,103.803775
Sep-93,17.5,16.01,17.52,17.79,18.04,18.23,59.9,43.52,3.918,1.665385,0.255938,0.32119166,0.890005867,0.111745488,0.230309034,1.029531309,4.565363998,0.655948,105.391873
Oct-93,18.15,16.61,18.17,18.34,18.48,18.59,60.37,42.88,3.942,1.688069,0.285103,0.32119166,0.890005867,0.111745488,0.230309034,1.030202454,4.571832708,0.665138,106.958025
Nov-93,16.61,15.2,16.74,17.02,17.24,17.41,60.43,45.44,3.91,1.685997,0.267094,0.32119166,0.890005867,0.111745488,0.230309034,1.0308736,4.578301418,0.675336,107.854021
Dec-93,14.52,13.73,14.53,14.86,15.18,15.45,60.82,47.01,3.831,1.647219,0.26798,0.32119166,0.890005867,0.111745488,0.230309034,1.031544746,4.584770128,0.670792,109.95955
Jan-94,15.03,14.29,15.02,15.15,15.31,15.48,61.14,44.19,3.839,1.621924,0.247773,0.231086639,1.833058307,0.265887314,0.203969227,1.03148989,4.589656631,0.669922,111.386134
Feb-94,14.78,13.8,14.78,14.88,15.04,15.23,60.96,46.92,3.746,1.585876,0.239093,0.231086639,1.833058307,0.265887314,0.203969227,1.032104905,4.59610025,0.676151,106.310547
Mar-94,14.68,13.82,14.65,14.72,14.82,14.96,60.87,45.38,3.716,1.584184,0.265808,0.231086639,1.833058307,0.265887314,0.203969227,1.032719919,4.602543868,0.670336,105.093329
Apr-94,16.42,15.23,16.33,16.19,16.16,16.18,60.41,43.52,3.749,1.590659,0.269052,0.231086639,1.833058307,0.265887314,0.203969227,1.033334934,4.608987487,0.674207,103.327049
May-94,17.89,16.19,17.83,17.45,17.27,17.17,60.85,41.91,3.822,1.612401,0.285609,0.231086639,1.833058307,0.265887314,0.203969227,1.033949949,4.615431105,0.665255,103.766884
Jun-94,19.06,16.76,19.07,18.49,18.2,18.03,61.16,43.91,3.848,1.624184,0.279153,0.231086639,1.833058307,0.265887314,0.203969227,1.034564963,4.621874724,0.655783,102.646814
Jul-94,19.66,17.6,19.66,19.2,18.91,18.72,60.77,43.33,3.894,1.654336,0.303145,0.231086639,1.833058307,0.265887314,0.203969227,1.035179978,4.628318342,0.647027,98.582343
Aug-94,18.38,16.89,18.38,18.29,18.22,18.15,60.66,44.52,3.917,1.659348,0.294813,0.231086639,1.833058307,0.265887314,0.203969227,1.035794993,4.634761961,0.648522,99.886705
Sep-94,17.45,15.9,17.47,17.59,17.71,17.77,61.27,44.58,3.946,1.683513,0.29079,0.231086639,1.833058307,0.265887314,0.203969227,1.036410007,4.641205579,0.639713,98.833657
Oct-94,17.72,16.49,17.71,17.77,17.79,17.78,61.77,44.3,3.942,1.672597,0.272425,0.231086639,1.833058307,0.265887314,0.203969227,1.037025022,4.647649198,0.622759,98.471022
Nov-94,18.07,17.19,18.1,18.01,17.93,17.88,61.94,45.54,3.951,1.687034,0.261217,0.231086639,1.833058307,0.265887314,0.203969227,1.037640037,4.654092816,0.629317,98.002763
Dec-94,17.16,15.93,17.16,17.17,17.23,17.29,62.27,47.43,3.912,1.652785,0.274743,0.231086639,1.833058307,0.265887314,0.203969227,1.038255051,4.660536435,0.641682,100.148581
Jan-95,18.04,16.55,17.99,17.88,17.81,17.76,61.84,44.82,3.91,1.643391,0.24845,0.263257972,1.028631543,0.230625792,0.302309726,1.04039477,4.665448284,0.63536,99.732727
Feb-95,18.57,17.11,18.53,18.35,18.19,18.07,62.34,47.37,3.853,1.607708,0.233648,0.263257972,1.028631543,0.230625792,0.302309726,1.04114325,4.671868554,0.63628,98.239413
Mar-95,18.54,17.01,18.55,18.44,18.32,18.2,61.61,46.37,3.795,1.601011,0.279199,0.263257972,1.028631543,0.230625792,0.302309726,1.041891729,4.678288825,0.624931,90.601336
Apr-95,19.9,18.65,19.89,19.65,19.38,19.12,62.4,43.81,3.833,1.601378,0.253946,0.263257972,1.028631543,0.230625792,0.302309726,1.042640209,4.684709095,0.622076,83.841584
May-95,19.74,18.35,19.74,19.57,19.34,19.12,62.41,43.14,3.849,1.611678,0.269965,0.263257972,1.028631543,0.230625792,0.302309726,1.043388689,4.691129365,0.629732,85.024827
Jun-95,18.45,17.31,18.4,18.25,18.1,18,61.56,44.17,3.897,1.608957,0.286751,0.263257972,1.028631543,0.230625792,0.302309726,1.044137168,4.697549636,0.626955,84.555966
Jul-95,17.33,15.85,17.26,17.06,16.99,16.99,62.51,42.85,3.948,1.624436,0.274765,0.263257972,1.028631543,0.230625792,0.302309726,1.044885648,4.703969906,0.626991,87.23088
Aug-95,18.02,16.1,17.81,17.51,17.35,17.28,62.64,44.73,3.908,1.614321,0.280887,0.263257972,1.028631543,0.230625792,0.302309726,1.045634128,4.710390177,0.637826,94.612133
Sep-95,18.23,16.7,18.21,17.85,17.66,17.54,63.04,44.98,3.929,1.619692,0.292067,0.263257972,1.028631543,0.230625792,0.302309726,1.046382607,4.716810447,0.642139,100.432867
Oct-95,17.43,16.11,17.4,17.16,17.04,16.99,62.67,44.24,3.91,1.606658,0.265893,0.263257972,1.028631543,0.230625792,0.302309726,1.047131087,4.723230717,0.633716,100.731317
Nov-95,17.99,16.86,18,17.72,17.54,17.41,62.89,46.96,3.888,1.604002,0.272221,0.263257972,1.028631543,0.230625792,0.302309726,1.047879567,4.729650988,0.639801,101.847809
Dec-95,19.03,17.93,19.04,18.66,18.36,18.15,63.29,47.9,3.795,1.562852,0.266961,0.263257972,1.028631543,0.230625792,0.302309726,1.048628046,4.736071258,0.649581,101.869461
Jan-96,18.86,17.85,18.7,18.31,18,17.78,63.24,46.81,3.763,1.544253,0.290297,0.212230029,0.796634791,0.243013267,0.398079359,1.047405818,4.741190324,0.6531,105.523571
Feb-96,19.09,18,18.78,18.14,17.8,17.57,63.63,48.85,3.702,1.500274,0.243304,0.212230029,0.796634791,0.243013267,0.398079359,1.047994009,4.747604631,0.651034,105.61657
Mar-96,21.33,19.85,21.18,19.75,18.92,18.44,63.49,47.08,3.668,1.481772,0.28186,0.212230029,0.796634791,0.243013267,0.398079359,1.0485822,4.754018939,0.654791,105.885116
Apr-96,23.5,20.9,23.3,21.22,19.99,19.26,63.34,44.98,3.712,1.501631,0.282855,0.212230029,0.796634791,0.243013267,0.398079359,1.049170392,4.760433246,0.659495,107.200532
May-96,21.17,19.15,21.09,20.06,19.39,18.93,63.34,44.04,3.749,1.519542,0.310209,0.212230029,0.796634791,0.243013267,0.398079359,1.049758583,4.766847553,0.660094,106.327634
Jun-96,20.42,18.46,20.43,19.61,19.08,18.73,63.66,44.13,3.77,1.546497,0.298147,0.212230029,0.796634791,0.243013267,0.398079359,1.050346774,4.77326186,0.648515,108.860999
Jul-96,21.3,19.57,21.25,20.62,20.05,19.61,63.74,45.46,3.789,1.550013,0.304432,0.212230029,0.796634791,0.243013267,0.398079359,1.050934965,4.779676168,0.643523,109.243838
Aug-96,21.9,20.51,21.91,21.35,20.84,20.38,63.39,45.62,3.8,1.545382,0.309565,0.212230029,0.796634791,0.243013267,0.398079359,1.051523156,4.786090475,0.645207,107.865047
Sep-96,23.97,22.63,23.93,23.35,22.75,22.16,63.86,45.31,3.812,1.551463,0.274255,0.212230029,0.796634791,0.243013267,0.398079359,1.052111348,4.792504782,0.641299,109.870911
Oct-96,24.88,24.16,24.9,24.47,23.95,23.38,64.22,47.4,3.804,1.537692,0.304941,0.212230029,0.796634791,0.243013267,0.398079359,1.052699539,4.79891909,0.63077,112.357758
Nov-96,23.71,22.76,23.55,23.28,22.95,22.58,64.67,47.25,3.791,1.521745,0.277328,0.212230029,0.796634791,0.243013267,0.398079359,1.05328773,4.805333397,0.601497,112.267102
Dec-96,25.23,23.78,25.12,24.49,23.9,23.32,65.24,47.84,3.794,1.507416,0.291935,0.212230029,0.796634791,0.243013267,0.398079359,1.053875921,4.811747704,0.600867,113.911394
Jan-97,25.13,23.54,25.18,24.58,24.01,23.46,65.18,48.03,3.807,1.500682,0.302658,0.188895056,0.597021135,0.28545345,0.405669335,1.054469107,4.817080259,0.60175,117.76466
Feb-97,22.18,20.85,22.17,21.87,21.57,21.3,65.54,48.04,3.768,1.481675,0.267706,0.188895056,0.597021135,0.28545345,0.405669335,1.055061684,4.823505648,0.615082,122.929094
Mar-97,20.97,19.13,20.97,20.88,20.78,20.67,65.53,45.75,3.832,1.511551,0.304827,0.188895056,0.597021135,0.28545345,0.405669335,1.055654261,4.829931037,0.621999,122.669101
Apr-97,19.7,17.56,19.73,19.73,19.73,19.74,66.05,46.68,3.826,1.517575,0.303413,0.188895056,0.597021135,0.28545345,0.405669335,1.056246837,4.836356426,0.613776,125.555351
May-97,20.82,19.02,20.87,20.93,20.87,20.79,65.4,44.74,3.871,1.561043,0.335357,0.188895056,0.597021135,0.28545345,0.405669335,1.056839414,4.842781815,0.612044,119.119025
Jun-97,19.26,17.58,19.22,19.41,19.53,19.62,64.63,45.97,3.86,1.574812,0.322094,0.188895056,0.597021135,0.28545345,0.405669335,1.057431991,4.849207204,0.608175,114.286681
Jul-97,19.66,18.46,19.66,19.76,19.8,19.83,65.07,47.29,3.851,1.559004,0.31024,0.188895056,0.597021135,0.28545345,0.405669335,1.058024568,4.855632593,0.598284,115.235649
Aug-97,19.95,18.6,19.95,20.09,20.17,20.2,65.95,45.65,3.885,1.570148,0.324404,0.188895056,0.597021135,0.28545345,0.405669335,1.058617144,4.862057982,0.624268,117.819213
Sep-97,19.8,18.46,19.78,19.88,19.93,19.95,66.31,47.22,3.909,1.592273,0.316111,0.188895056,0.597021135,0.28545345,0.405669335,1.059209721,4.868483371,0.625036,120.725384
Oct-97,21.33,19.87,21.28,21.33,21.26,21.15,66.83,47.95,3.929,1.597809,0.334555,0.188895056,0.597021135,0.28545345,0.405669335,1.059802298,4.87490876,0.613047,120.961006
Nov-97,20.19,19.17,20.22,20.42,20.46,20.43,66.68,47.21,3.958,1.599519,0.29845,0.188895056,0.597021135,0.28545345,0.405669335,1.060394875,4.881334149,0.592401,125.181885
Dec-97,18.33,17.18,18.32,18.53,18.7,18.85,66.5,49.67,3.907,1.559759,0.289155,0.188895056,0.597021135,0.28545345,0.405669335,1.060987451,4.887759538,0.601799,129.509902
Jan-98,16.72,15.19,16.73,16.92,17.13,17.34,67.71,46.69,3.935,1.56977,0.313927,0.15968451,0.605516504,0.215544495,0.159452864,1.061211341,4.892461159,0.611104,129.526867
Feb-98,16.06,14.07,16.08,16.32,16.6,16.86,68.08,48.12,3.921,1.568605,0.279737,0.15968451,0.605516504,0.215544495,0.159452864,1.061776786,4.898841202,0.609936,125.689921
Mar-98,15.12,13.1,15.04,15.37,15.7,16.03,67.97,47.96,3.901,1.586947,0.311061,0.15968451,0.605516504,0.215544495,0.159452864,1.062342232,4.905221244,0.601882,128.999937
Apr-98,15.35,13.53,15.46,15.88,16.21,16.46,67.83,46.2,3.957,1.614074,0.333142,0.15968451,0.605516504,0.215544495,0.159452864,1.062907677,4.911601287,0.598168,132.228814
May-98,14.91,14.36,14.93,15.68,16.13,16.46,67.29,44.22,4.075,1.651983,0.344219,0.15968451,0.605516504,0.215544495,0.159452864,1.063473122,4.917981329,0.610476,134.878018
Jun-98,13.72,12.21,13.67,14.48,15.1,15.58,67.01,46.86,4.058,1.650702,0.32779,0.15968451,0.605516504,0.215544495,0.159452864,1.064038567,4.924361372,0.605909,140.081734
Jul-98,14.17,12.08,14.09,14.4,14.72,15.02,66.88,47.5,4.06,1.661499,0.361122,0.15968451,0.605516504,0.215544495,0.159452864,1.064604013,4.930741414,0.60835,140.629012
Aug-98,13.47,11.91,13.38,13.68,14,14.29,65.9,46.51,4.118,1.668858,0.341994,0.15968451,0.605516504,0.215544495,0.159452864,1.065169458,4.937121457,0.612329,144.679549
Sep-98,15.03,13.34,14.97,15.13,15.3,15.47,65.98,46.94,4.1,1.65249,0.31496,0.15968451,0.605516504,0.215544495,0.159452864,1.065734903,4.9435015,0.595022,134.571939
Oct-98,14.46,12.7,14.42,14.57,14.75,14.92,66.1,47.3,4.106,1.649419,0.336701,0.15968451,0.605516504,0.215544495,0.159452864,1.066300349,4.949881542,0.59026,120.775036
Nov-98,13,11.04,13.04,13.38,13.66,13.91,66.95,48.08,4.094,1.671784,0.325804,0.15968451,0.605516504,0.215544495,0.159452864,1.066865794,4.956261585,0.601768,120.346141
Dec-98,11.35,9.82,11.31,11.64,11.95,12.23,66.77,50.15,4.039,1.646975,0.317989,0.15968451,0.605516504,0.215544495,0.159452864,1.067431239,4.962641627,0.598708,117.144498
Jan-99,12.52,11.11,12.49,12.54,12.64,12.76,66.99,47.37,4.094,1.642103,0.32315,0.144570246,0.418310707,0.277939823,0.269424421,1.068095946,4.966815693,0.605519,113.194605
Feb-99,12.01,10.27,12.02,12.14,12.27,12.4,67.31,49.94,4.024,1.635355,0.298204,0.144570246,0.418310707,0.277939823,0.269424421,1.068673385,4.973106073,0.614363,116.716847
Mar-99,14.68,12.51,14.68,14.74,14.72,14.7,66.99,50.46,3.977,1.620118,0.330402,0.144570246,0.418310707,0.277939823,0.269424421,1.069250824,4.979396453,0.616818,119.639197
Apr-99,17.31,15.29,17.3,17.17,17.03,16.85,65.55,46.8,4.013,1.624089,0.348542,0.144570246,0.418310707,0.277939823,0.269424421,1.069828263,4.985686832,0.621252,119.721926
May-99,17.72,15.23,17.77,17.67,17.54,17.4,65.35,44.72,4.059,1.657542,0.356826,0.144570246,0.418310707,0.277939823,0.269424421,1.070405702,4.991977212,0.619384,122.050127
Jun-99,17.92,15.86,17.92,18.02,18.01,17.92,64.31,47.56,4.018,1.642303,0.334793,0.144570246,0.418310707,0.277939823,0.269424421,1.070983141,4.998267592,0.62661,120.764182
Jul-99,20.1,19.08,20.1,20.2,20.13,19.95,65.82,47.31,4.03,1.643652,0.362608,0.144570246,0.418310707,0.277939823,0.269424421,1.07156058,5.004557972,0.635496,119.538746
Aug-99,21.28,20.22,21.28,21.38,21.31,21.04,65.7,47.57,4.027,1.621628,0.345397,0.144570246,0.418310707,0.277939823,0.269424421,1.072138019,5.010848352,0.6226,113.251455
Sep-99,23.8,22.54,23.79,23.55,23.14,22.64,65.75,47.99,4,1.614843,0.319695,0.144570246,0.418310707,0.277939823,0.269424421,1.072715459,5.017138731,0.615986,107.010158
Oct-99,22.69,22,22.67,22.64,22.45,22.12,66.25,47.94,3.967,1.585057,0.328457,0.144570246,0.418310707,0.277939823,0.269424421,1.073292898,5.023429111,0.60329,106.026134
Nov-99,25,24.58,24.77,24.39,23.86,23.27,66.24,48.85,3.924,1.570507,0.300996,0.144570246,0.418310707,0.277939823,0.269424421,1.073870337,5.029719491,0.616241,104.700703
Dec-99,26.1,25.47,26.09,25.45,24.63,23.85,65.42,51.85,3.766,1.492931,0.312004,0.144570246,0.418310707,0.277939823,0.269424421,1.074447776,5.036009871,0.61966,102.575551
Jan-00,27.26,25.51,27.01,26.12,25.36,24.67,66.45,47.04,3.776,1.477448,0.314334,0.220716024,0.363888709,0.33092316,0.46661852,1.074878739,5.040565572,0.610007,105.09912
Feb-00,29.37,27.78,29.3,28.19,27.22,26.44,67.07,49.87,3.755,1.46621,0.319073,0.220716024,0.363888709,0.33092316,0.46661852,1.075447561,5.046802652,0.625036,109.449633
Mar-00,29.84,27.49,29.89,28.57,27.56,26.81,67.1,49,3.743,1.476302,0.342602,0.220716024,0.363888709,0.33092316,0.46661852,1.076016383,5.053039731,0.633201,106.38179
Apr-00,25.72,22.76,25.54,24.87,24.6,24.38,67.76,46,3.783,1.505432,0.346738,0.220716024,0.363888709,0.33092316,0.46661852,1.076585206,5.059276811,0.631557,105.529986
May-00,28.79,27.74,28.81,28.46,27.89,27.34,68.27,47.03,3.802,1.517741,0.353879,0.220716024,0.363888709,0.33092316,0.46661852,1.077154028,5.065513891,0.663914,108.279072
Jun-00,31.82,29.8,31.53,30.18,29.31,28.68,68.07,47.57,3.833,1.525954,0.36096,0.220716024,0.363888709,0.33092316,0.46661852,1.07772285,5.07175097,0.662984,106.10919
Jul-00,29.7,28.68,29.72,29.01,28.56,28.17,68.69,46.89,3.897,1.539634,0.359227,0.220716024,0.363888709,0.33092316,0.46661852,1.078291672,5.07798805,0.663079,107.903854
Aug-00,31.26,30.2,31.14,30.59,30.07,29.57,69.52,49.51,3.858,1.531794,0.377352,0.220716024,0.363888709,0.33092316,0.46661852,1.078860494,5.08422513,0.671571,108.124842
Sep-00,33.88,33.14,33.87,33.08,32.54,32.02,69.53,48.57,3.867,1.52691,0.356996,0.220716024,0.363888709,0.33092316,0.46661852,1.079429316,5.090462209,0.69701,106.758782
Oct-00,33.11,30.96,32.93,32.36,31.89,31.49,69.97,48.06,3.857,1.506655,0.35,0.220716024,0.363888709,0.33092316,0.46661852,1.079998139,5.096699289,0.689216,108.452308
Nov-00,34.42,32.55,34.26,33.29,32.33,31.45,70.52,48.57,3.875,1.505414,0.339272,0.220716024,0.363888709,0.33092316,0.46661852,1.080566961,5.102936369,0.701118,108.90605
Dec-00,28.44,25.66,28.4,27.75,27.29,26.92,69.27,50.39,3.829,1.467547,0.373653,0.220716024,0.363888709,0.33092316,0.46661852,1.081135783,5.109173448,0.683774,112.109344
Jan-01,29.59,25.62,29.26,28.12,27.46,26.97,69.18,49.6,3.811,1.478528,0.389212,0.214336411,0.432745716,0.12641329,0.292531978,1.082312299,5.113277261,0.676642,116.783487
Feb-01,29.61,27.5,29.64,29.36,28.91,28.44,68.7,49.55,3.804,1.472902,0.326012,0.214336411,0.432745716,0.12641329,0.292531978,1.082936046,5.119423976,0.687909,116.178879
Mar-01,27.25,24.5,27.27,27.43,27.4,27.25,69.37,49.02,3.829,1.484056,0.376103,0.214336411,0.432745716,0.12641329,0.292531978,1.083559794,5.125570691,0.691889,121.346998
Apr-01,27.49,25.66,27.62,27.97,28.08,27.96,68.44,47.07,3.865,1.521526,0.379586,0.214336411,0.432745716,0.12641329,0.292531978,1.084183541,5.131717405,0.697188,123.753905
May-01,28.63,28.31,28.68,29.09,29.13,28.86,67.75,47.04,3.896,1.555265,0.38841,0.214336411,0.432745716,0.12641329,0.292531978,1.084807288,5.13786412,0.701599,121.814769
Jun-01,27.6,27.85,27.59,27.73,27.7,27.58,66.19,47.1,3.9,1.56302,0.351959,0.214336411,0.432745716,0.12641329,0.292531978,1.085431036,5.144010835,0.713719,122.242748
Jul-01,26.43,24.61,26.47,26.17,26.03,25.95,68.13,47.92,3.908,1.56833,0.364564,0.214336411,0.432745716,0.12641329,0.292531978,1.086054783,5.15015755,0.707161,124.573848
Aug-01,27.37,25.68,27.31,26.84,26.77,26.57,68.31,48.78,3.909,1.548249,0.360271,0.214336411,0.432745716,0.12641329,0.292531978,1.086678531,5.156304264,0.69607,121.4507
Sep-01,26.2,25.62,25.69,25.96,26.06,25.89,67.83,47.36,3.961,1.57894,0.354529,0.214336411,0.432745716,0.12641329,0.292531978,1.087302278,5.162450979,0.683739,118.778284
Oct-01,22.17,20.54,22.21,22.51,22.64,22.72,67.73,48.04,3.976,1.57699,0.352734,0.214336411,0.432745716,0.12641329,0.292531978,1.087926025,5.168597694,0.688862,121.280899
Nov-01,19.64,18.8,19.67,19.93,20.08,20.19,68.08,48.79,3.96,1.587757,0.348854,0.214336411,0.432745716,0.12641329,0.292531978,1.088549773,5.174744409,0.695984,122.362743
Dec-01,19.39,18.71,19.4,19.71,19.9,20.06,67.67,48.8,3.944,1.586349,0.340804,0.214336411,0.432745716,0.12641329,0.292531978,1.08917352,5.180891123,0.694696,127.258888
Jan-02,19.72,19.42,19.73,20.14,20.37,20.49,66.9,48.67,3.976,1.590645,0.343737,0.1714653,0.419257461,0.133595581,0.342722509,1.089656214,5.18507787,0.698152,132.600256
Feb-02,20.72,20.28,20.76,21.02,21.15,21.17,66.99,49.18,3.958,1.576425,0.30531,0.1714653,0.419257461,0.133595581,0.342722509,1.09027236,5.191145273,0.702972,133.594942
Mar-02,24.53,23.7,24.44,24.68,24.73,24.64,66.79,48.04,3.941,1.572822,0.347145,0.1714653,0.419257461,0.133595581,0.342722509,1.090888505,5.197212675,0.70306,131.021657
Apr-02,26.18,25.73,26.26,26.29,26.08,25.78,66.27,47.25,3.942,1.588439,0.352954,0.1714653,0.419257461,0.133595581,0.342722509,1.091504651,5.203280078,0.693239,130.745773
May-02,27.04,25.35,26.95,26.5,26.3,26.08,66.85,46.12,3.977,1.610944,0.364849,0.1714653,0.419257461,0.133595581,0.342722509,1.092120796,5.209347481,0.685098,126.364753
Jun-02,25.52,24.08,25.55,25.65,25.56,25.46,66.71,47.03,3.999,1.616137,0.352585,0.1714653,0.419257461,0.133595581,0.342722509,1.092736942,5.215414884,0.674292,123.329232
Jul-02,26.97,25.74,26.94,26.79,26.51,26.29,67.18,48.37,3.988,1.610814,0.360334,0.1714653,0.419257461,0.133595581,0.342722509,1.093353087,5.221482286,0.643803,118.045675
Aug-02,28.39,26.65,28.2,27.65,27.32,27.03,66.9,47.95,3.986,1.596346,0.368598,0.1714653,0.419257461,0.133595581,0.342722509,1.093969233,5.227549689,0.650823,118.955994
Sep-02,29.66,28.4,29.67,29.68,29.41,28.93,67.44,47.91,3.928,1.574063,0.332235,0.1714653,0.419257461,0.133595581,0.342722509,1.094585378,5.233617092,0.642961,120.708722
Oct-02,28.84,27.54,28.86,28.74,28.35,27.91,68.85,48.54,3.94,1.573034,0.368676,0.1714653,0.419257461,0.133595581,0.342722509,1.095201524,5.239684495,0.642083,123.915857
Nov-02,26.35,24.34,26.19,25.67,25.39,25.15,68.95,49.41,3.908,1.578466,0.368027,0.1714653,0.419257461,0.133595581,0.342722509,1.095817669,5.245751897,0.636254,121.490168
Dec-02,29.46,28.33,29.39,29.07,28.4,27.78,67.3,50.2,3.843,1.54791,0.344088,0.1714653,0.419257461,0.133595581,0.342722509,1.096433815,5.2518193,0.630717,122.034356
Jan-03,32.95,31.18,32.7,31.87,30.87,29.89,67.68,49.48,3.81,1.504403,0.344222,0.171445,0.466956396,0.176004683,0.452683762,1.096885903,5.257090524,0.618716,118.738412
Feb-03,35.83,32.77,35.73,34.43,33.16,31.97,69.28,51.35,3.735,1.460452,0.305797,0.171445,0.466956396,0.176004683,0.452683762,1.097492374,5.263174924,0.621734,119.377724
Mar-03,33.51,30.61,33.16,31.69,30.48,29.66,69.81,48.72,3.809,1.474478,0.37337,0.171445,0.466956396,0.176004683,0.452683762,1.098098846,5.269259324,0.6317,118.610842
Apr-03,28.17,25,28.14,26.98,26.52,26.21,68.73,48.05,3.831,1.496082,0.377975,0.171445,0.466956396,0.176004683,0.452683762,1.098705317,5.275343723,0.635245,119.94969
May-03,28.11,25.86,28.07,27.54,27.03,26.62,68.73,47.15,3.883,1.5329,0.400473,0.171445,0.466956396,0.176004683,0.452683762,1.099311789,5.281428123,0.615894,117.279024
Jun-03,30.66,27.65,30.52,29.49,28.85,28.3,67.91,47.74,3.935,1.559756,0.390023,0.171445,0.466956396,0.176004683,0.452683762,1.09991826,5.287512523,0.602131,118.372443
Jul-03,30.76,28.35,30.7,30.26,29.75,29.29,68.54,48.33,3.966,1.570434,0.394816,0.171445,0.466956396,0.176004683,0.452683762,1.100524731,5.293596923,0.616005,118.701607
Aug-03,31.57,29.89,31.6,31.42,30.96,30.39,69,47.89,3.982,1.571972,0.395844,0.171445,0.466956396,0.176004683,0.452683762,1.101131203,5.299681323,0.62782,118.829985
Sep-03,28.31,27.11,28.31,28.29,28,27.71,69.66,48.88,4.002,1.597968,0.386032,0.171445,0.466956396,0.176004683,0.452683762,1.101737674,5.305765722,0.621394,114.961343
Oct-03,30.34,29.61,30.35,30.25,29.88,29.46,70.57,49.51,3.983,1.601678,0.383549,0.171445,0.466956396,0.176004683,0.452683762,1.102344146,5.311850122,0.596683,109.580249
Nov-03,31.11,28.75,31.06,30.67,30.27,29.82,70.8,48.6,3.991,1.598206,0.351369,0.171445,0.466956396,0.176004683,0.452683762,1.102950617,5.317934522,0.592093,109.249395
Dec-03,32.13,29.81,32.14,31.99,31.51,30.99,72.06,51.27,3.945,1.568303,0.373031,0.171445,0.466956396,0.176004683,0.452683762,1.103557088,5.324018922,0.571451,107.801899
Jan-04,34.31,31.28,34.22,33.58,33.04,32.48,71.74,49.64,3.935,1.556354,0.372434,0.180406173,0.392530883,0.275809735,0.67331416,1.104476123,5.329272591,0.548782,106.341606
Feb-04,34.69,30.86,34.5,33.54,32.91,32.37,71.73,50.99,3.917,1.55713,0.367082,0.180406173,0.392530883,0.275809735,0.67331416,1.105113018,5.335370354,0.535303,106.582616
Mar-04,36.74,33.63,36.72,36.03,35.27,34.64,71.67,50.59,3.905,1.570788,0.413811,0.180406173,0.392530883,0.275809735,0.67331416,1.105749913,5.341468117,0.547457,108.56468
Apr-04,36.75,33.59,36.62,36.12,35.7,35.22,71.64,49.12,3.922,1.580367,0.38649,0.180406173,0.392530883,0.275809735,0.67331416,1.106386809,5.34756588,0.555201,107.717074
May-04,40.28,37.57,40.28,40.09,39.57,38.95,71.32,47.15,3.968,1.610065,0.414625,0.180406173,0.392530883,0.275809735,0.67331416,1.107023704,5.353663643,0.559379,112.015272
Jun-04,38.03,35.18,38.05,38.18,38.05,37.78,72.91,49.02,3.99,1.630882,0.406817,0.180406173,0.392530883,0.275809735,0.67331416,1.107660599,5.359761406,0.547179,109.439853
Jul-04,40.78,38.22,40.81,40.63,40,39.6,73.37,49.45,4.019,1.646102,0.420662,0.180406173,0.392530883,0.275809735,0.67331416,1.108297494,5.36585917,0.542817,109.322561
Aug-04,44.9,42.74,44.88,44.39,43.96,43.44,72.33,49.24,4.036,1.654216,0.424354,0.180406173,0.392530883,0.275809735,0.67331416,1.10893439,5.371956933,0.549815,110.497178
Sep-04,45.94,43.2,45.94,45.68,45.18,44.65,72.96,49.69,4.028,1.641501,0.380278,0.180406173,0.392530883,0.275809735,0.67331416,1.109571285,5.378054696,0.557648,110.086791
Oct-04,53.28,49.78,53.09,52.63,52.1,51.47,73.57,49.72,4.032,1.637187,0.416566,0.180406173,0.392530883,0.275809735,0.67331416,1.11020818,5.384152459,0.5537,108.89041
Nov-04,48.47,43.11,48.48,48.58,48.5,48.22,73.23,50.47,4.086,1.65622,0.402259,0.180406173,0.392530883,0.275809735,0.67331416,1.110845075,5.390250222,0.537823,104.768539
Dec-04,43.15,39.6,43.26,43.56,43.62,43.45,72.87,52.01,4.01,1.644805,0.405726,0.180406173,0.392530883,0.275809735,0.67331416,1.111481971,5.396347985,0.518367,103.781079
Jan-05,46.84,44.51,46.85,47.05,46.92,46.63,73.11,50.27,4.044,1.631066,0.40272,0.206959853,0.569694388,0.226215293,0.591740641,1.112235304,5.4017246,0.532526,103.360992
Feb-05,48.15,45.48,48.05,48.59,48.81,48.74,73.41,51.89,4.031,1.646402,0.384977,0.206959853,0.569694388,0.226215293,0.591740641,1.112886445,5.40784435,0.530001,104.92694
Mar-05,54.19,53.1,54.63,55.31,55.61,55.67,73.72,51.52,4.019,1.644426,0.410119,0.206959853,0.569694388,0.226215293,0.591740641,1.113537586,5.4139641,0.52452,105.181809
Apr-05,52.98,51.88,53.22,54.6,55.37,55.71,74.01,48.98,4.061,1.68581,0.404284,0.206959853,0.569694388,0.226215293,0.591740641,1.114188727,5.42008385,0.527874,107.312797
May-05,49.83,48.65,49.87,51.27,51.91,52.29,74.12,48.26,4.147,1.713593,0.434174,0.206959853,0.569694388,0.226215293,0.591740641,1.114839868,5.426203601,0.538946,106.66044
Jun-05,56.35,54.35,56.42,57.32,57.94,58.32,73.77,50,4.127,1.72349,0.428105,0.206959853,0.569694388,0.226215293,0.591740641,1.115491009,5.432323351,0.54991,108.692609
Jul-05,59,57.52,59.03,60,60.65,61.07,73.6,48.97,4.174,1.727179,0.431684,0.206959853,0.569694388,0.226215293,0.591740641,1.116142149,5.438443101,0.57102,111.938081
Aug-05,64.99,63.98,64.99,65.73,66.26,66.62,73.65,50.69,4.142,1.699944,0.429276,0.206959853,0.569694388,0.226215293,0.591740641,1.11679329,5.444562851,0.55748,110.625366
Sep-05,65.59,62.91,65.55,65.91,66.35,66.71,73.19,49.34,4.142,1.688275,0.396864,0.206959853,0.569694388,0.226215293,0.591740641,1.117444431,5.450682601,0.552959,111.029225
Oct-05,62.26,58.54,62.27,62.08,62.33,62.54,73.25,48.25,4.181,1.700287,0.440459,0.206959853,0.569694388,0.226215293,0.591740641,1.118095572,5.456802351,0.56713,114.904814
Nov-05,58.32,55.24,58.34,59.14,59.61,59.9,73.74,50.71,4.168,1.71334,0.422882,0.206959853,0.569694388,0.226215293,0.591740641,1.118746713,5.462922101,0.576448,118.447248
Dec-05,59.41,56.86,59.45,60.24,60.8,61.17,74.05,52.48,4.095,1.681551,0.419997,0.206959853,0.569694388,0.226215293,0.591740641,1.119397854,5.469041851,0.572926,118.579271
Jan-06,65.49,62.99,65.54,66.19,66.68,67.04,73.49,50.29,4.131,1.696514,0.427676,0.209332497,0.545779033,0.255618104,0.67425879,1.120543449,5.474179013,0.566827,115.525045
Feb-06,61.63,60.21,61.93,63.15,64.04,64.72,73.44,51.23,4.137,1.702995,0.379819,0.209332497,0.545779033,0.255618104,0.67425879,1.121240966,5.480297868,0.572105,117.910723
Mar-06,62.69,62.06,62.97,64.46,65.3,65.87,73.27,51.07,4.093,1.674831,0.40001,0.209332497,0.545779033,0.255618104,0.67425879,1.121938483,5.486416723,0.573511,117.274318
Apr-06,69.44,70.26,70.16,71.61,72.43,72.88,73.32,47.97,4.121,1.684091,0.403136,0.209332497,0.545779033,0.255618104,0.67425879,1.122636,5.492535578,0.566133,117.025997
May-06,70.84,69.78,70.96,72.08,72.88,73.47,72.88,48.15,4.172,1.707169,0.443758,0.209332497,0.545779033,0.255618104,0.67425879,1.123333517,5.498654433,0.535125,111.758494
Jun-06,70.95,68.56,70.97,71.69,72.37,72.9,72.82,49.71,4.165,1.712513,0.427579,0.209332497,0.545779033,0.255618104,0.67425879,1.124031034,5.504773287,0.542856,114.722965
Jul-06,74.41,73.67,74.46,75.71,76.44,76.95,73.84,49.03,4.22,1.72674,0.433491,0.209332497,0.545779033,0.255618104,0.67425879,1.124728551,5.510892142,0.542298,115.664792
Aug-06,73.04,73.23,73.08,74.28,75.11,75.74,73.5,50.02,4.249,1.746561,0.455595,0.209332497,0.545779033,0.255618104,0.67425879,1.125426069,5.517010997,0.528202,115.941304
Sep-06,63.8,61.96,63.9,64.84,65.75,66.54,73.19,49.28,4.279,1.76887,0.434721,0.209332497,0.545779033,0.255618104,0.67425879,1.126123586,5.523129852,0.530306,117.083237
Oct-06,58.89,57.81,59.14,60.83,62.07,63,73.5,49.69,4.261,1.752641,0.412818,0.209332497,0.545779033,0.255618104,0.67425879,1.126821103,5.529248707,0.533315,118.670875
Nov-06,59.08,58.76,59.4,61.18,62.42,63.37,73.17,50.51,4.229,1.728775,0.390135,0.209332497,0.545779033,0.255618104,0.67425879,1.12751862,5.535367562,0.523267,117.312999
Dec-06,61.96,62.47,62.09,63.16,64.06,64.75,72.95,50.55,4.187,1.703049,0.394344,0.209332497,0.545779033,0.255618104,0.67425879,1.128216137,5.541486417,0.509256,117.183837
Jan-07,54.51,53.68,54.35,55.34,56.16,56.85,72.58,49.38,4.198,1.706809,0.42488,0.220461308,0.557062456,0.225466735,0.723567207,1.129339051,5.546493627,0.510366,120.449895
Feb-07,59.28,57.56,59.39,60.2,60.96,61.58,72.85,51.07,4.136,1.648933,0.340839,0.220461308,0.557062456,0.225466735,0.723567207,1.130077771,5.552599452,0.510931,120.546543
Mar-07,60.44,62.05,60.74,62.49,63.54,64.31,72.77,49.9,4.111,1.660261,0.432648,0.220461308,0.557062456,0.225466735,0.723567207,1.130816491,5.558705277,0.513708,117.231931
Apr-07,63.98,67.49,64.04,65.84,67.07,67.84,73.03,48.51,4.141,1.676613,0.415258,0.220461308,0.557062456,0.225466735,0.723567207,1.131555212,5.564811102,0.502632,118.882925
May-07,63.46,67.21,63.53,64.92,66.02,66.84,72.51,48.4,4.184,1.706518,0.440339,0.220461308,0.557062456,0.225466735,0.723567207,1.132293932,5.570916927,0.504291,120.804112
Jun-07,67.49,71.05,67.53,68.18,68.85,69.37,72.1,49.13,4.175,1.712479,0.406587,0.220461308,0.557062456,0.225466735,0.723567207,1.133032652,5.577022752,0.503512,122.632672
Jul-07,74.12,76.93,74.15,74.2,74,73.83,72.63,49.23,4.202,1.716222,0.426374,0.220461308,0.557062456,0.225466735,0.723567207,1.133771372,5.583128577,0.491724,121.587087
Aug-07,72.36,70.76,72.36,72.06,71.66,71.25,71.99,49.57,4.185,1.698588,0.422663,0.220461308,0.557062456,0.225466735,0.723567207,1.134510092,5.589234402,0.497492,116.747369
Sep-07,79.92,77.17,79.63,78.47,77.45,76.71,72.77,49.17,4.175,1.699464,0.40938,0.220461308,0.557062456,0.225466735,0.723567207,1.135248813,5.595340227,0.495723,115.007921
Oct-07,85.8,82.34,85.66,84.66,83.77,82.99,73.52,50.17,4.146,1.690449,0.402396,0.220461308,0.557062456,0.225466735,0.723567207,1.135987533,5.601446052,0.489311,115.941668
Nov-07,94.77,92.41,94.63,93.67,92.77,91.95,73.22,50.51,4.101,1.672428,0.395643,0.220461308,0.557062456,0.225466735,0.723567207,1.136726253,5.607551877,0.482812,110.949462
Dec-07,91.69,90.93,91.74,91.59,91.29,90.92,73.65,50.16,4.103,1.647633,0.39895,0.220461308,0.557062456,0.225466735,0.723567207,1.137464973,5.613657701,0.494632,112.259666
Jan-08,92.97,92.18,92.93,92.59,92.19,91.82,73.76,49.7,4.146,1.65907,0.420616,0.374125173,0.869916382,0.028031949,0.47440031,1.138677189,5.619625334,0.507728,107.810744
Feb-08,95.39,94.99,95.35,95.19,94.93,94.66,73.94,50.29,4.084,1.645959,0.367143,0.374125173,0.869916382,0.028031949,0.47440031,1.139461802,5.625799998,0.509204,107.116111
Mar-08,105.45,103.64,105.42,104.47,103.58,102.82,74.12,48.08,4.099,1.637298,0.390528,0.374125173,0.869916382,0.028031949,0.47440031,1.140246414,5.631974661,0.499121,100.878621
Apr-08,112.58,109.07,112.46,111.8,111.09,110.41,73.54,48.81,4.089,1.648913,0.399944,0.374125173,0.869916382,0.028031949,0.47440031,1.141031027,5.638149325,0.504663,102.580483
May-08,125.4,122.8,125.46,125.31,125.08,124.84,73.86,47.37,4.111,1.656603,0.399957,0.374125173,0.869916382,0.028031949,0.47440031,1.14181564,5.644323989,0.509169,104.33583
Jun-08,133.88,132.32,134.02,134.52,134.78,134.89,73.88,47.13,4.127,1.668491,0.401942,0.374125173,0.869916382,0.028031949,0.47440031,1.142600252,5.650498652,0.508952,106.906652
Jul-08,133.37,132.72,133.48,134.09,134.52,134.88,74.59,47.91,4.174,1.680705,0.406854,0.374125173,0.869916382,0.028031949,0.47440031,1.143384865,5.656673316,0.502925,106.826127
Aug-08,116.67,113.24,116.69,116.92,117.31,117.66,73.4,46.65,4.192,1.693096,0.406644,0.374125173,0.869916382,0.028031949,0.47440031,1.144169478,5.66284798,0.529656,109.276898
Sep-08,104.11,97.23,103.76,103.03,103.21,103.48,72.46,46.51,4.177,1.68687,0.346859,0.374125173,0.869916382,0.028031949,0.47440031,1.14495409,5.669022643,0.556342,106.617581
Oct-08,76.61,71.58,76.72,76.83,77.14,77.52,73.48,48.09,4.188,1.693553,0.409269,0.374125173,0.869916382,0.028031949,0.47440031,1.145738703,5.675197307,0.59144,100.120255
Nov-08,57.31,52.45,57.44,58.22,59.16,60.12,73.33,46.66,4.212,1.714474,0.386421,0.374125173,0.869916382,0.028031949,0.47440031,1.146523316,5.681371971,0.652498,96.819209
Dec-08,41.12,39.95,42.04,45.16,47.2,48.78,72.54,47.91,4.218,1.719144,0.390817,0.374125173,0.869916382,0.028031949,0.47440031,1.147307928,5.687546635,0.672608,91.161063
Jan-09,41.71,43.44,41.92,46.39,49.11,50.9,71.49,46.88,4.258,1.747478,0.406925,0.09857363,0.354208413,0.000001,0.197790116,1.147005992,5.693949714,0.693946,90.421242
Feb-09,39.09,43.32,39.26,43.13,45.47,46.92,72.02,47.18,4.271,1.758414,0.338661,0.09857363,0.354208413,0.000001,0.197790116,1.147705136,5.700225329,0.693783,92.542258
Mar-09,47.94,46.54,48.06,49.5,50.75,51.78,71.82,46.55,4.29,1.784196,0.385841,0.09857363,0.354208413,0.000001,0.197790116,1.148404279,5.706500945,0.705064,97.835667
Apr-09,49.65,50.18,49.95,52.01,53.82,55.15,71.95,45.53,4.295,1.797303,0.358846,0.09857363,0.354208413,0.000001,0.197790116,1.149103423,5.71277656,0.680507,98.73546
May-09,59.03,57.3,59.21,60.14,61,61.79,71.55,43.89,4.306,1.812794,0.355774,0.09857363,0.354208413,0.000001,0.197790116,1.149802567,5.719052175,0.648193,96.609295
Jun-09,69.64,68.61,69.7,70.47,71.29,71.98,71.77,45.62,4.319,1.826007,0.358083,0.09857363,0.354208413,0.000001,0.197790116,1.15050171,5.725327791,0.611228,96.599155
Jul-09,64.15,64.44,64.29,65.57,66.82,67.85,72.61,45.45,4.326,1.831772,0.366727,0.09857363,0.354208413,0.000001,0.197790116,1.151200854,5.731603406,0.611149,94.473409
Aug-09,71.05,72.51,71.14,72.57,73.67,74.47,72.14,45.05,4.336,1.815681,0.346658,0.09857363,0.354208413,0.000001,0.197790116,1.151899997,5.737879021,0.604637,94.838413
Sep-09,69.41,67.65,69.47,69.91,70.4,70.9,72.55,45.76,4.342,1.830408,0.352675,0.09857363,0.354208413,0.000001,0.197790116,1.152599141,5.744154637,0.612113,91.44315
Oct-09,75.72,72.77,75.82,76.29,76.83,77.35,73,46.16,4.291,1.807079,0.337212,0.09857363,0.354208413,0.000001,0.197790116,1.153298285,5.750430252,0.618002,90.376697
Nov-09,77.99,76.66,78.15,78.93,79.71,80.43,73.05,45.72,4.301,1.795899,0.333152,0.09857363,0.354208413,0.000001,0.197790116,1.153997428,5.756705867,0.602657,89.170045
Dec-09,74.47,74.46,74.6,76,77.08,77.91,72.79,47.32,4.219,1.758336,0.326556,0.09857363,0.354208413,0.000001,0.197790116,1.154696572,5.762981483,0.615827,89.814057
Jan-10,78.33,76.17,78.4,78.85,79.41,79.99,72.92,44.84,4.277,1.765236,0.350315,0.158452085,0.411392698,0.248821785,0.628336681,1.154477199,5.769206886,0.618727,91.31662
Feb-10,76.39,73.75,76.45,76.84,77.32,77.8,73.63,46.93,4.26,1.76383,0.314452,0.158452085,0.411392698,0.248821785,0.628336681,1.155103855,5.775561207,0.640189,90.2073
Mar-10,81.2,78.83,81.29,81.66,82.06,82.44,73.69,46.78,4.243,1.766248,0.360262,0.158452085,0.411392698,0.248821785,0.628336681,1.155730511,5.781915528,0.664514,90.678521
Apr-10,84.29,84.82,84.58,85.92,87.05,87.77,73.63,45.83,4.285,1.789268,0.375769,0.158452085,0.411392698,0.248821785,0.628336681,1.156357167,5.788269848,0.652393,93.48913
May-10,73.74,75.95,74.12,76.89,78.41,79.35,73.75,44.74,4.315,1.809736,0.376383,0.158452085,0.411392698,0.248821785,0.628336681,1.156983823,5.794624169,0.682452,92.150954
Jun-10,75.34,74.76,75.41,76.43,77.28,78,73.87,46.91,4.32,1.821087,0.373317,0.158452085,0.411392698,0.248821785,0.628336681,1.157610479,5.80097849,0.678042,90.919565
Jul-10,76.32,75.58,76.38,76.82,77.29,77.83,74.15,46.91,4.323,1.834656,0.392915,0.158452085,0.411392698,0.248821785,0.628336681,1.158237135,5.807332811,0.65447,87.541869
Aug-10,76.6,77.04,76.67,77.26,78.02,78.72,74.07,47.27,4.353,1.841275,0.383045,0.158452085,0.411392698,0.248821785,0.628336681,1.158863791,5.813687131,0.63888,85.332527
Sep-10,75.24,77.84,75.55,76.82,78.08,79.06,74.38,47.77,4.296,1.840659,0.354677,0.158452085,0.411392698,0.248821785,0.628336681,1.159490447,5.820041452,0.642893,84.376573
Oct-10,81.89,82.67,81.95,82.71,83.41,83.98,74.24,46.43,4.311,1.826427,0.345415,0.158452085,0.411392698,0.248821785,0.628336681,1.160117103,5.826395773,0.630594,81.794824
Nov-10,84.25,85.28,84.32,84.89,85.41,85.84,74.85,47.42,4.289,1.806159,0.332884,0.158452085,0.411392698,0.248821785,0.628336681,1.160743759,5.832750094,0.62611,82.513022
Dec-10,89.15,91.45,89.23,89.85,90.4,90.81,74.9,48.45,4.234,1.772751,0.345099,0.158452085,0.411392698,0.248821785,0.628336681,1.161370415,5.839104414,0.641569,83.290905
Jan-11,89.17,96.52,89.58,90.96,92.2,93.17,75.37,46.01,4.291,1.787823,0.377114,0.281254745,0.535783068,0.148220037,0.498974944,1.161326328,5.845581661,0.634199,82.628231
Feb-11,88.58,103.72,89.74,92.47,94.7,96.06,74.48,47.68,4.22,1.758832,0.298861,0.281254745,0.535783068,0.148220037,0.498974944,1.161900475,5.852030482,0.620102,82.625214
Mar-11,102.86,114.64,102.98,103.9,104.47,104.89,73.49,47.13,4.199,1.754378,0.3644,0.281254745,0.535783068,0.148220037,0.498974944,1.162474622,5.858479303,0.619177,81.724659
Apr-11,109.53,123.26,110.04,110.58,111.01,111.26,73.45,44.99,4.228,1.757203,0.352372,0.281254745,0.535783068,0.148220037,0.498974944,1.163048769,5.864928124,0.611432,83.391242
May-11,100.9,114.99,101.36,101.88,102.26,102.55,72.69,44.59,4.248,1.78445,0.366004,0.281254745,0.535783068,0.148220037,0.498974944,1.163622916,5.871376945,0.611899,81.174937
Jun-11,96.26,113.83,96.29,96.83,97.31,97.77,73.41,46.26,4.24,1.786438,0.354169,0.281254745,0.535783068,0.148220037,0.498974944,1.164197062,5.877825766,0.616827,80.448579
Jul-11,97.3,116.97,97.34,97.76,98.2,98.67,73.72,46.05,4.243,1.793605,0.36222,0.281254745,0.535783068,0.148220037,0.498974944,1.164771209,5.884274586,0.620295,79.402519
Aug-11,86.33,110.22,86.34,86.66,87.05,87.45,74.28,47.47,4.223,1.773743,0.34599,0.281254745,0.535783068,0.148220037,0.498974944,1.165345356,5.890723407,0.611235,76.995641
Sep-11,85.52,112.83,85.61,85.81,86.06,86.3,73.77,46.89,4.189,1.758991,0.336767,0.281254745,0.535783068,0.148220037,0.498974944,1.165919503,5.897172228,0.633225,76.79352
Oct-11,86.32,109.55,86.43,86.56,86.63,86.71,74.27,46.01,4.166,1.747389,0.341161,0.281254745,0.535783068,0.148220037,0.498974944,1.16649365,5.903621049,0.635168,76.653714
Nov-11,97.16,110.77,97.16,97.18,97.16,97.12,75.23,46.6,4.181,1.747855,0.334689,0.281254745,0.535783068,0.148220037,0.498974944,1.167067797,5.91006987,0.632583,77.470746
Dec-11,98.56,107.87,98.58,98.74,98.92,99.05,75.91,46.93,4.131,1.727629,0.340463,0.281254745,0.535783068,0.148220037,0.498974944,1.167641944,5.916518691,0.640485,77.811325
Jan-12,100.27,110.69,100.32,100.54,100.83,101.11,76.04,45.13,4.188,1.747005,0.338215,0.219270716,0.425054457,0.107511923,0.406402679,1.1665748,5.922876751,0.644854,76.967734
Feb-12,102.2,119.33,102.26,102.67,103.17,103.63,76.36,47.64,4.172,1.741804,0.304201,0.219270716,0.425054457,0.107511923,0.406402679,1.167014149,5.92940318,0.632921,78.458511
Mar-12,106.16,125.45,106.21,106.7,107.19,107.58,76.06,45.81,4.177,1.757897,0.328759,0.219270716,0.425054457,0.107511923,0.406402679,1.167453499,5.935929609,0.632159,82.477133
Apr-12,103.32,119.75,103.35,103.83,104.27,104.63,76.35,44.7,4.194,1.758671,0.318315,0.219270716,0.425054457,0.107511923,0.406402679,1.167892848,5.942456038,0.624465,81.296217
May-12,94.66,110.34,94.72,95.05,95.33,95.58,75.65,45.35,4.201,1.771645,0.344637,0.219270716,0.425054457,0.107511923,0.406402679,1.168332197,5.948982467,0.628588,79.72825
Jun-12,82.3,95.16,82.41,82.71,83.05,83.4,75.54,45.87,4.21,1.784342,0.342727,0.219270716,0.425054457,0.107511923,0.406402679,1.168771547,5.955508897,0.643309,79.240284
Jul-12,87.9,102.62,87.93,88.27,88.61,89.02,75.71,45.74,4.24,1.786997,0.334604,0.219270716,0.425054457,0.107511923,0.406402679,1.169210896,5.962035326,0.641486,78.985946
Aug-12,94.13,113.36,94.16,94.45,94.77,95.17,75.77,46.57,4.24,1.774519,0.337268,0.219270716,0.425054457,0.107511923,0.406402679,1.169650245,5.968561755,0.636191,78.692963
Sep-12,94.51,112.86,94.56,94.9,95.25,95.64,75.27,45.05,4.253,1.792875,0.314256,0.219270716,0.425054457,0.107511923,0.406402679,1.170089595,5.975088184,0.620961,78.171123
Oct-12,89.49,111.71,89.57,89.99,90.49,90.97,75.76,46.31,4.218,1.783295,0.311468,0.219270716,0.425054457,0.107511923,0.406402679,1.170528944,5.981614613,0.62174,78.981996
Nov-12,86.53,109.06,86.73,87.25,87.86,88.44,76.52,46.39,4.216,1.783412,0.305442,0.219270716,0.425054457,0.107511923,0.406402679,1.170968293,5.988141042,0.626697,81.017717
Dec-12,87.86,109.49,88.25,88.78,89.35,89.89,76.57,45.76,4.192,1.780077,0.29896,0.219270716,0.425054457,0.107511923,0.406402679,1.171407643,5.994667471,0.619232,83.612486
Jan-13,94.76,112.96,94.83,95.28,95.68,96,75.89,45.85,4.233,1.782708,0.312757,0.120814969,0.402505613,0.10535287,0.412133203,1.174927882,6.00116431,0.626616,89.047084
Feb-13,95.31,116.05,95.32,95.82,96.28,96.65,75.62,46.45,4.21,1.761747,0.260019,0.120814969,0.402505613,0.10535287,0.412133203,1.175628956,6.007774506,0.645725,93.117683
Mar-13,92.94,108.47,92.96,93.34,93.61,93.75,75.8,45.18,4.231,1.764502,0.29556,0.120814969,0.402505613,0.10535287,0.412133203,1.176330031,6.014384702,0.663352,94.869816
Apr-13,92.02,102.25,92.07,92.37,92.55,92.56,76.24,45.79,4.237,1.778873,0.305025,0.120814969,0.402505613,0.10535287,0.412133203,1.177031105,6.020994898,0.653146,97.904468
May-13,94.51,102.56,94.8,95.02,95.03,94.79,76.19,45.55,4.228,1.788028,0.315396,0.120814969,0.402505613,0.10535287,0.412133203,1.17773218,6.027605093,0.654142,101.018171
Jun-13,95.77,102.92,95.8,95.9,95.79,95.42,76.19,45.28,4.236,1.790285,0.296451,0.120814969,0.402505613,0.10535287,0.412133203,1.178433254,6.034215289,0.64599,97.366185
Jul-13,104.67,107.93,104.7,104.22,102.93,101.55,76.69,46.69,4.25,1.789268,0.319296,0.120814969,0.402505613,0.10535287,0.412133203,1.179134328,6.040825485,0.65902,99.695216
Aug-13,106.57,111.28,106.54,106.02,104.82,103.42,76.43,46.26,4.25,1.794193,0.317716,0.120814969,0.402505613,0.10535287,0.412133203,1.179835403,6.047435681,0.645451,97.930827
Sep-13,106.29,111.6,106.24,105.57,104.31,102.93,75.88,45.83,4.279,1.804371,0.301089,0.120814969,0.402505613,0.10535287,0.412133203,1.180536477,6.054045877,0.630673,99.203056
Oct-13,100.54,109.08,100.55,100.6,100.3,99.74,76.26,46.34,4.241,1.780938,0.297863,0.120814969,0.402505613,0.10535287,0.412133203,1.181237552,6.060656073,0.621353,97.781882
Nov-13,93.86,107.79,93.93,94.35,94.56,94.59,76.58,46.88,4.198,1.759913,0.281563,0.120814969,0.402505613,0.10535287,0.412133203,1.181938626,6.067266269,0.620937,100.028352
Dec-13,97.63,110.76,97.89,98.09,97.96,97.51,76.91,46.23,4.157,1.731501,0.295719,0.120814969,0.402505613,0.10535287,0.412133203,1.182639701,6.073876465,0.610345,103.385798
Jan-14,94.62,108.12,94.86,94.78,94.44,93.93,77.26,45.41,4.168,1.717944,0.288458,0.075558176,0.328077323,0.155480011,0.358919923,1.180597445,6.080182833,0.607445,103.942137
Feb-14,100.82,108.9,100.68,100.11,99.28,98.39,77.76,46.52,4.174,1.719455,0.25634,0.075558176,0.328077323,0.155480011,0.358919923,1.181072188,6.086854414,0.604128,102.019534
Mar-14,100.8,107.48,100.51,99.88,99.04,98.14,77.18,45.33,4.179,1.727321,0.286934,0.075558176,0.328077323,0.155480011,0.358919923,1.181546932,6.093525996,0.601699,102.354868
Apr-14,102.07,107.76,102.04,101.3,100.44,99.52,77.25,44.98,4.191,1.754816,0.288002,0.075558176,0.328077323,0.155480011,0.358919923,1.182021675,6.100197577,0.597434,102.530867
May-14,102.18,109.54,101.8,101.11,100.18,99.19,76.98,44.31,4.256,1.784217,0.291004,0.075558176,0.328077323,0.155480011,0.358919923,1.182496419,6.106869158,0.593767,101.763971
Jun-14,105.79,111.8,105.15,104.48,103.56,102.54,77.35,45.16,4.212,1.787404,0.265109,0.075558176,0.328077323,0.155480011,0.358919923,1.182971162,6.113540739,0.591576,102.056261
Jul-14,103.59,106.77,102.39,101.46,100.65,99.89,77.61,46.2,4.227,1.790645,0.294363,0.075558176,0.328077323,0.155480011,0.358919923,1.183445906,6.120212321,0.585801,101.723027
Aug-14,96.54,101.61,96.08,95.02,94.57,94.27,77.96,45.69,4.273,1.795657,0.288878,0.075558176,0.328077323,0.155480011,0.358919923,1.183920649,6.126883902,0.598769,102.966938
Sep-14,93.21,97.09,93.03,92.18,91.67,91.39,78.75,45.98,4.28,1.808554,0.275435,0.075558176,0.328077323,0.155480011,0.358919923,1.184395392,6.133555483,0.613241,107.283792
Oct-14,84.4,87.43,84.34,83.73,83.31,82.98,79.41,46.46,4.256,1.802695,0.276658,0.075558176,0.328077323,0.155480011,0.358919923,1.184870136,6.140227065,0.622296,107.989769
Nov-14,75.79,79.44,75.81,75.83,75.84,75.89,79.32,45.57,4.263,1.81212,0.27026,0.075558176,0.328077323,0.155480011,0.358919923,1.185344879,6.146898646,0.63384,116.282652
Dec-14,59.29,62.34,59.29,59.57,59.88,60.25,80.13,47.09,4.267,1.827038,0.291463,0.075558176,0.328077323,0.155480011,0.358919923,1.185819623,6.153570227,0.639286,119.263228
Jan-15,47.22,47.76,47.33,47.9,48.72,49.62,79.54,45.7,4.298,1.850359,0.293297,0.024133849,0.257889991,0.173632065,0.309622898,1.187189841,6.159443196,0.659874,118.279355
Feb-15,50.58,58.1,50.73,51.82,53.13,54.45,79.56,47.86,4.294,1.850437,0.259626,0.024133849,0.257889991,0.173632065,0.309622898,1.187742275,6.166134328,0.652448,118.671782
Mar-15,47.82,55.89,47.85,49.62,51.17,52.44,80.52,46.32,4.352,1.883297,0.298196,0.024133849,0.257889991,0.173632065,0.309622898,1.188294709,6.172825461,0.667782,120.340684
Apr-15,54.45,59.52,54.63,56.13,57.17,57.84,80.13,45.8,4.382,1.908969,0.281216,0.024133849,0.257889991,0.173632065,0.309622898,1.188847143,6.179516593,0.669149,119.617625
May-15,59.27,64.08,59.37,60.16,60.59,60.91,79.76,44.54,4.444,1.930787,0.29457,0.024133849,0.257889991,0.173632065,0.309622898,1.189399577,6.186207726,0.647105,120.87394
Jun-15,59.82,61.48,59.83,60.22,60.53,60.78,80.29,46.35,4.442,1.941278,0.288139,0.024133849,0.257889991,0.173632065,0.309622898,1.189952011,6.192898858,0.642839,123.730861
Jul-15,50.9,56.56,50.93,51.34,51.81,52.38,80.77,47.07,4.449,1.939312,0.296712,0.024133849,0.257889991,0.173632065,0.309622898,1.190504445,6.199589991,0.642836,123.397559
Aug-15,42.87,46.52,42.89,43.48,44.34,45.14,80.64,46.83,4.508,1.96162,0.305609,0.024133849,0.257889991,0.173632065,0.309622898,1.191056879,6.206281123,0.641214,123.128729
Sep-15,45.48,47.62,45.47,45.96,46.55,47.18,80.3,46.62,4.512,1.971389,0.280736,0.024133849,0.257889991,0.173632065,0.309622898,1.191609313,6.212972256,0.651725,120.175646
Oct-15,46.22,48.43,46.25,46.89,47.63,48.3,80.45,46.25,4.514,1.978637,0.274087,0.024133849,0.257889991,0.173632065,0.309622898,1.192161747,6.219663388,0.65233,120.022268
Nov-15,42.44,44.27,42.92,44.12,45.12,45.96,80.89,45.67,4.533,1.99212,0.274532,0.024133849,0.257889991,0.173632065,0.309622898,1.192714181,6.22635452,0.658187,122.583549
Dec-15,37.19,38.01,37.33,38.6,39.66,40.52,81.01,47.27,4.553,1.984571,0.302014,0.024133849,0.257889991,0.173632065,0.309622898,1.193266615,6.233045653,0.667406,121.691553
Jan-16,31.68,30.7,31.78,33.04,34.21,35.23,80.81,45.46,4.592,2.009189,0.301768,0.024133849,0.244995492,0.131083333,0.316666667,1.194142719,6.240380081,0.694838,118.1659
Feb-16,30.32,32.18,30.62,32.57,34.17,35.4,80.22,47.58,4.593,2.013289,0.290577,0.024133849,0.244995492,0.131083333,0.316666667,1.194725518,6.247213449,0.699249,114.809661
Mar-16,37.55,38.21,37.96,39.5,40.44,41.14,80.08,47.07,4.589,2.021461,0.31006,0.024133849,0.244995492,0.131083333,0.316666667,1.195308318,6.254046818,0.702987,112.972374
Apr-16,40.75,41.58,41.13,42.29,43.03,43.52,79.41,46.06,4.598,2.032041,0.294858,0.024133849,0.244995492,0.131083333,0.316666667,1.195891118,6.260880186,0.698722,109.609653
May-16,46.71,46.74,46.8,47.4,47.82,48.18,78.98,45.41,4.622,2.047703,0.31566,0.024133849,0.244995492,0.131083333,0.316666667,1.196473918,6.267713554,0.687614,108.946858
Jun-16,48.76,48.25,48.84,49.46,49.97,50.41,79.54,46.48,4.624,2.046866,0.302286,0.024133849,0.244995492,0.131083333,0.316666667,1.197056718,6.274546922,0.704188,105.478207
Jul-16,44.65,44.95,44.8,45.52,46.19,46.87,80.12,46.52,4.675,2.062466,0.325716,0.024133849,0.244995492,0.131083333,0.316666667,1.197639518,6.281380291,0.759878,104.128204
Aug-16,44.72,45.84,44.8,45.49,46.2,46.88,79.93,47.96,4.66,2.062804,0.319629,0.024133849,0.244995492,0.131083333,0.316666667,1.198222317,6.288213659,0.762791,101.227281
Sep-16,45.18,46.57,45.23,45.81,46.44,47.05,80.31,47.23,4.63,2.047628,0.305808,0.024133849,0.244995492,0.131083333,0.316666667,1.198805117,6.295047027,0.760146,101.871757
Oct-16,49.78,49.52,49.87,50.38,50.94,51.47,NaN,NaN,NaN,2.050255,0.301414,0.024133849,0.244995492,0.131083333,0.316666667,1.199387917,6.301880396,0.810832,103.826998
Nov-16,45.66,44.73,45.87,46.56,47.29,47.98,NaN,NaN,NaN,NaN,NaN,0.024133849,0.244995492,0.131083333,0.316666667,1.199970717,6.308713764,0.804643,108.34595
Dec-16,51.97,53.32,52.17,53.14,53.99,54.64,NaN,NaN,NaN,NaN,NaN,0.024133849,0.244995492,0.131083333,0.316666667,1.200553517,6.315547132,0.801046,116.109858
